<?xml version="1.0" encoding="UTF-8"?>
<project-private xmlns="http://www.netbeans.org/ns/project-private/1">
    <editor-bookmarks xmlns="http://www.netbeans.org/ns/editor-bookmarks/2" lastBookmarkId="0"/>
    <open-files xmlns="http://www.netbeans.org/ns/projectui-open-files/2">
        <group>
            <file>file:/C:/Users/Lozan/OneDrive/Documents/Escuela/6to%20Semestre/04A%20Tópicos%20Avanzados%20de%20Programación/Unidad%20I%20y%20II/GestorMySQL/src/VentanaLogin.java</file>
            <file>file:/C:/Users/Lozan/OneDrive/Documents/Escuela/6to%20Semestre/04A%20Tópicos%20Avanzados%20de%20Programación/Unidad%20I%20y%20II/GestorMySQL/src/SegundaPantalla.java</file>
        </group>
    </open-files>
</project-private>
